Match,Date,Player_Name,Booking_Odds
Liverpool v Bournemouth,Fri 15 Aug 21:00,Alex Scott,2.62
Liverpool v Bournemouth,Fri 15 Aug 21:00,Tyler Adams,2.87
Liverpool v Bournemouth,Fri 15 Aug 21:00,Marcos Senesi,2.87
Liverpool v Bournemouth,Fri 15 Aug 21:00,Julian Araujo,3.10
Liverpool v Bournemouth,Fri 15 Aug 21:00,Conor Bradley,3.20
Liverpool v Bournemouth,Fri 15 Aug 21:00,Adam Smith,3.25
Liverpool v Bournemouth,Fri 15 Aug 21:00,Chris Mepham,3.25
Liverpool v Bournemouth,Fri 15 Aug 21:00,Julio Soler,3.25
Liverpool v Bournemouth,Fri 15 Aug 21:00,Philip Billing,3.25
Liverpool v Bournemouth,Fri 15 Aug 21:00,Eli Junior Kroupi,3.25
Liverpool v Bournemouth,Fri 15 Aug 21:00,Bafode Diakite,3.75
Liverpool v Bournemouth,Fri 15 Aug 21:00,Evanilson,3.75
Liverpool v Bournemouth,Fri 15 Aug 21:00,Antoine Semenyo,3.75
Liverpool v Bournemouth,Fri 15 Aug 21:00,Dango Ouattara,3.75
Liverpool v Bournemouth,Fri 15 Aug 21:00,Ben Winterburn,3.75
Liverpool v Bournemouth,Fri 15 Aug 21:00,Ibrahima Konate,4.00
Liverpool v Bournemouth,Fri 15 Aug 21:00,James Hill,4.00
Liverpool v Bournemouth,Fri 15 Aug 21:00,Adrien Truffert,4.00
Liverpool v Bournemouth,Fri 15 Aug 21:00,Andrei Radu,4.00
Liverpool v Bournemouth,Fri 15 Aug 21:00,Cameron Plain,4.00
Liverpool v Bournemouth,Fri 15 Aug 21:00,Callan McKenna,4.00
Liverpool v Bournemouth,Fri 15 Aug 21:00,Romain Faivre,4.00
Liverpool v Bournemouth,Fri 15 Aug 21:00,Alex Paulsen,4.00
Liverpool v Bournemouth,Fri 15 Aug 21:00,Konstantinos Tsimikas,4.33
Liverpool v Bournemouth,Fri 15 Aug 21:00,Alexis Mac Allister,4.33
Liverpool v Bournemouth,Fri 15 Aug 21:00,Florian Wirtz,4.33
Liverpool v Bournemouth,Fri 15 Aug 21:00,Hugo Ekitike,4.33
Liverpool v Bournemouth,Fri 15 Aug 21:00,Rio Ngumoha,4.33
Liverpool v Bournemouth,Fri 15 Aug 21:00,Andrew Robertson,5.00
Liverpool v Bournemouth,Fri 15 Aug 21:00,Marcus Tavernier,5.00
Liverpool v Bournemouth,Fri 15 Aug 21:00,David Brooks,5.00
Liverpool v Bournemouth,Fri 15 Aug 21:00,Wataru Endo,5.00
Liverpool v Bournemouth,Fri 15 Aug 21:00,Jeremie Frimpong,5.00
Liverpool v Bournemouth,Fri 15 Aug 21:00,Milos Kerkez,5.00
Liverpool v Bournemouth,Fri 15 Aug 21:00,Curtis Jones,5.50
Liverpool v Bournemouth,Fri 15 Aug 21:00,Dominik Szoboszlai,6.00
Liverpool v Bournemouth,Fri 15 Aug 21:00,William Dennis,6.00
Liverpool v Bournemouth,Fri 15 Aug 21:00,Hamed Traore,6.00
Liverpool v Bournemouth,Fri 15 Aug 21:00,Djordje Petrovic,6.50
Liverpool v Bournemouth,Fri 15 Aug 21:00,Alisson Becker,7.00
Liverpool v Bournemouth,Fri 15 Aug 21:00,Virgil van Dijk,7.00
Liverpool v Bournemouth,Fri 15 Aug 21:00,Federico Chiesa,8.50
Liverpool v Bournemouth,Fri 15 Aug 21:00,Freddie Woodman,8.50
Liverpool v Bournemouth,Fri 15 Aug 21:00,Harvey Elliott,8.50
Liverpool v Bournemouth,Fri 15 Aug 21:00,Giorgi Mamardashvili,8.50
Liverpool v Bournemouth,Fri 15 Aug 21:00,Cody Gakpo,9.00
Liverpool v Bournemouth,Fri 15 Aug 21:00,Mohamed Salah,11.00
Liverpool v Bournemouth,Fri 15 Aug 21:00,Armin Pecsi,11.00
Aston Villa v Newcastle,Sat 16 Aug 13:30,Harrison Ashby,2.40
Aston Villa v Newcastle,Sat 16 Aug 13:30,Sandro Tonali,2.60
Aston Villa v Newcastle,Sat 16 Aug 13:30,Bruno Guimaraes,2.60
Aston Villa v Newcastle,Sat 16 Aug 13:30,Alex Murphy,2.60
Aston Villa v Newcastle,Sat 16 Aug 13:30,Anthony Gordon,2.75
Aston Villa v Newcastle,Sat 16 Aug 13:30,Joelinton,2.75
Aston Villa v Newcastle,Sat 16 Aug 13:30,Boubacar Kamara,2.87
Aston Villa v Newcastle,Sat 16 Aug 13:30,Emiliano Buendia,3.10
Aston Villa v Newcastle,Sat 16 Aug 13:30,Ian Maatsen,3.10
Aston Villa v Newcastle,Sat 16 Aug 13:30,Samuel Iling-Junior,3.10
Aston Villa v Newcastle,Sat 16 Aug 13:30,Yeimar Mosquera,3.10
Aston Villa v Newcastle,Sat 16 Aug 13:30,Jamaal Lascelles,3.20
Aston Villa v Newcastle,Sat 16 Aug 13:30,Fabian Schar,3.20
Aston Villa v Newcastle,Sat 16 Aug 13:30,Seung-Soo Park,3.20
Aston Villa v Newcastle,Sat 16 Aug 13:30,John McGinn,3.25
Aston Villa v Newcastle,Sat 16 Aug 13:30,Tyrone Mings,3.25
Aston Villa v Newcastle,Sat 16 Aug 13:30,Lucas Digne,3.50
Aston Villa v Newcastle,Sat 16 Aug 13:30,Matty Cash,3.50
Aston Villa v Newcastle,Sat 16 Aug 13:30,Amadou Onana,3.50
Aston Villa v Newcastle,Sat 16 Aug 13:30,Travis Patterson,3.50
Aston Villa v Newcastle,Sat 16 Aug 13:30,Lamare Bogarde,3.50
Aston Villa v Newcastle,Sat 16 Aug 13:30,Jamaldeen Jimoh,3.50
Aston Villa v Newcastle,Sat 16 Aug 13:30,Dan Burn,3.60
Aston Villa v Newcastle,Sat 16 Aug 13:30,William Osula,3.60
Aston Villa v Newcastle,Sat 16 Aug 13:30,Mark Gillespie,4.00
Aston Villa v Newcastle,Sat 16 Aug 13:30,Kieran Trippier,4.00
Aston Villa v Newcastle,Sat 16 Aug 13:30,Odisseas Vlachodimos,4.00
Aston Villa v Newcastle,Sat 16 Aug 13:30,Nick Pope,4.00
Aston Villa v Newcastle,Sat 16 Aug 13:30,Leon Bailey,4.00
Aston Villa v Newcastle,Sat 16 Aug 13:30,Youri Tielemans,4.00
Aston Villa v Newcastle,Sat 16 Aug 13:30,Morgan Rogers,4.00
Aston Villa v Newcastle,Sat 16 Aug 13:30,Malick Thiaw,4.00
Aston Villa v Newcastle,Sat 16 Aug 13:30,Aaron Ramsdale,4.00
Aston Villa v Newcastle,Sat 16 Aug 13:30,Ross Barkley,4.00
Aston Villa v Newcastle,Sat 16 Aug 13:30,Lewis Hall,4.00
Aston Villa v Newcastle,Sat 16 Aug 13:30,Emil Krafth,4.33
Aston Villa v Newcastle,Sat 16 Aug 13:30,Matt Targett,4.33
Aston Villa v Newcastle,Sat 16 Aug 13:30,Jacob Murphy,4.33
Aston Villa v Newcastle,Sat 16 Aug 13:30,Sean Neave,4.33
Aston Villa v Newcastle,Sat 16 Aug 13:30,Andres Garcia,4.50
Aston Villa v Newcastle,Sat 16 Aug 13:30,Lewis Dobbin,4.50
Aston Villa v Newcastle,Sat 16 Aug 13:30,Lewis Miley,4.75
Aston Villa v Newcastle,Sat 16 Aug 13:30,Harvey Barnes,5.00
Aston Villa v Newcastle,Sat 16 Aug 13:30,Sven Botman,5.00
Aston Villa v Newcastle,Sat 16 Aug 13:30,Valentino Livramento,5.00
Aston Villa v Newcastle,Sat 16 Aug 13:30,Triston Rowe,5.00
Aston Villa v Newcastle,Sat 16 Aug 13:30,Ezri Konsa,5.50
Aston Villa v Newcastle,Sat 16 Aug 13:30,Donyell Malen,5.50
Aston Villa v Newcastle,Sat 16 Aug 13:30,Alex Moreno,5.50
Aston Villa v Newcastle,Sat 16 Aug 13:30,John Ruddy,6.00
Aston Villa v Newcastle,Sat 16 Aug 13:30,Ollie Watkins,6.50
Aston Villa v Newcastle,Sat 16 Aug 13:30,Emiliano Martinez,6.50
Aston Villa v Newcastle,Sat 16 Aug 13:30,Pau Torres,6.50
Aston Villa v Newcastle,Sat 16 Aug 13:30,Jacob Ramsey,6.50
Aston Villa v Newcastle,Sat 16 Aug 13:30,Oliwier Zych,6.50
Aston Villa v Newcastle,Sat 16 Aug 13:30,Sam Proctor,6.50
Aston Villa v Newcastle,Sat 16 Aug 13:30,James Wright,6.50
Aston Villa v Newcastle,Sat 16 Aug 13:30,Evann Guessand,7.00
Aston Villa v Newcastle,Sat 16 Aug 13:30,Anthony Elanga,7.50
Aston Villa v Newcastle,Sat 16 Aug 13:30,Max Thompson,7.50
Aston Villa v Newcastle,Sat 16 Aug 13:30,Joe Gauci,8.50
Aston Villa v Newcastle,Sat 16 Aug 13:30,Marco Bizot,12.00
Brighton v Fulham,Sat 16 Aug 16:00,Sasa Lukic,2.50
Brighton v Fulham,Sat 16 Aug 16:00,Andreas Pereira,2.62
Brighton v Fulham,Sat 16 Aug 16:00,Yankuba Minteh,2.87
Brighton v Fulham,Sat 16 Aug 16:00,Harrison Reed,3.10
Brighton v Fulham,Sat 16 Aug 16:00,Issa Diop,3.10
Brighton v Fulham,Sat 16 Aug 16:00,Rodrigo Muniz,3.10
Brighton v Fulham,Sat 16 Aug 16:00,Adama Traore,3.10
Brighton v Fulham,Sat 16 Aug 16:00,Kenny Tete,3.40
Brighton v Fulham,Sat 16 Aug 16:00,Raul Jimenez,3.40
Brighton v Fulham,Sat 16 Aug 16:00,Sander Berge,3.40
Brighton v Fulham,Sat 16 Aug 16:00,Igor Julio,3.40
Brighton v Fulham,Sat 16 Aug 16:00,Calvin Bassey,3.40
Brighton v Fulham,Sat 16 Aug 16:00,Diego Coppola,3.40
Brighton v Fulham,Sat 16 Aug 16:00,Carlos Baleba,3.40
Brighton v Fulham,Sat 16 Aug 16:00,Joshua King,3.40
Brighton v Fulham,Sat 16 Aug 16:00,Lewis Dunk,3.60
Brighton v Fulham,Sat 16 Aug 16:00,Diego Gomez,3.60
Brighton v Fulham,Sat 16 Aug 16:00,Joachim Andersen,3.75
Brighton v Fulham,Sat 16 Aug 16:00,Bernd Leno,3.75
Brighton v Fulham,Sat 16 Aug 16:00,Mats Wieffer,4.00
Brighton v Fulham,Sat 16 Aug 16:00,Joel Veltman,4.33
Brighton v Fulham,Sat 16 Aug 16:00,Jan Paul van Hecke,4.33
Brighton v Fulham,Sat 16 Aug 16:00,James Milner,4.33
Brighton v Fulham,Sat 16 Aug 16:00,Tom Cairney,4.50
Brighton v Fulham,Sat 16 Aug 16:00,Harry Wilson,4.50
Brighton v Fulham,Sat 16 Aug 16:00,Ryan Sessegnon,4.50
Brighton v Fulham,Sat 16 Aug 16:00,Timothy Castagne,4.50
Brighton v Fulham,Sat 16 Aug 16:00,Jorge Cuenca,4.50
Brighton v Fulham,Sat 16 Aug 16:00,Jason Steele,5.00
Brighton v Fulham,Sat 16 Aug 16:00,Georginio Rutter,5.00
Brighton v Fulham,Sat 16 Aug 16:00,Bart Verbruggen,5.00
Brighton v Fulham,Sat 16 Aug 16:00,Jack Hinshelwood,5.00
Brighton v Fulham,Sat 16 Aug 16:00,Tom Watson,5.00
Brighton v Fulham,Sat 16 Aug 16:00,Brajan Gruda,5.00
Brighton v Fulham,Sat 16 Aug 16:00,Charalambos Kostoulas,5.00
Brighton v Fulham,Sat 16 Aug 16:00,Yasin Ayari,5.00
Brighton v Fulham,Sat 16 Aug 16:00,Olivier Boscagli,5.50
Brighton v Fulham,Sat 16 Aug 16:00,Kaoru Mitoma,5.50
Brighton v Fulham,Sat 16 Aug 16:00,Maxim De Cuyper,5.50
Brighton v Fulham,Sat 16 Aug 16:00,Alexander Borto,5.50
Brighton v Fulham,Sat 16 Aug 16:00,Alfie McNally,5.50
Brighton v Fulham,Sat 16 Aug 16:00,Ferdi Kadioglu,6.00
Brighton v Fulham,Sat 16 Aug 16:00,Benjamin Lecomte,6.00
Brighton v Fulham,Sat 16 Aug 16:00,Emile Smith Rowe,6.00
Brighton v Fulham,Sat 16 Aug 16:00,Alex Iwobi,7.00
Brighton v Fulham,Sat 16 Aug 16:00,Danny Welbeck,8.00
Brighton v Fulham,Sat 16 Aug 16:00,Matt O'Riley,9.50
Brighton v Fulham,Sat 16 Aug 16:00,Thomas McGill,13.00
Sunderland v West Ham,Sat 16 Aug 16:00,Guido Rodriguez,2.75
Sunderland v West Ham,Sat 16 Aug 16:00,Edson Alvarez,2.75
Sunderland v West Ham,Sat 16 Aug 16:00,Lucas Paqueta,2.75
Sunderland v West Ham,Sat 16 Aug 16:00,Jean-Clair Todibo,2.87
Sunderland v West Ham,Sat 16 Aug 16:00,Luke O'Nien,3.00
Sunderland v West Ham,Sat 16 Aug 16:00,Trai Hume,3.00
Sunderland v West Ham,Sat 16 Aug 16:00,Andrew Irving,3.10
Sunderland v West Ham,Sat 16 Aug 16:00,Dennis Cirkin,3.25
Sunderland v West Ham,Sat 16 Aug 16:00,Konstantinos Mavropanos,3.40
Sunderland v West Ham,Sat 16 Aug 16:00,Aaron Wan-Bissaka,3.40
Sunderland v West Ham,Sat 16 Aug 16:00,Reinildo Mandava,3.50
Sunderland v West Ham,Sat 16 Aug 16:00,Callum Marshall,3.75
Sunderland v West Ham,Sat 16 Aug 16:00,Lewis Orford,3.75
Sunderland v West Ham,Sat 16 Aug 16:00,El Hadji Diouf,3.75
Sunderland v West Ham,Sat 16 Aug 16:00,Daniel Ballard,4.00
Sunderland v West Ham,Sat 16 Aug 16:00,Noah Sadiki,4.00
Sunderland v West Ham,Sat 16 Aug 16:00,Jenson Seelt,4.00
Sunderland v West Ham,Sat 16 Aug 16:00,Chris Rigg,4.00
Sunderland v West Ham,Sat 16 Aug 16:00,Joseph Anderson,4.00
Sunderland v West Ham,Sat 16 Aug 16:00,Granit Xhaka,4.33
Sunderland v West Ham,Sat 16 Aug 16:00,Arthur Masuaku,4.33
Sunderland v West Ham,Sat 16 Aug 16:00,Tomas Soucek,4.33
Sunderland v West Ham,Sat 16 Aug 16:00,Max Kilman,4.33
Sunderland v West Ham,Sat 16 Aug 16:00,Omar Alderete,4.33
Sunderland v West Ham,Sat 16 Aug 16:00,Wes Foderingham,4.33
Sunderland v West Ham,Sat 16 Aug 16:00,Freddie Potts,4.33
Sunderland v West Ham,Sat 16 Aug 16:00,Wilson Isidor,4.33
Sunderland v West Ham,Sat 16 Aug 16:00,Habib Diarra,4.33
Sunderland v West Ham,Sat 16 Aug 16:00,Patrick Roberts,4.33
Sunderland v West Ham,Sat 16 Aug 16:00,Leo Hjelde,4.33
Sunderland v West Ham,Sat 16 Aug 16:00,Milan Aleksic,4.33
Sunderland v West Ham,Sat 16 Aug 16:00,Oliver Scarles,4.33
Sunderland v West Ham,Sat 16 Aug 16:00,Callum Wilson,4.75
Sunderland v West Ham,Sat 16 Aug 16:00,Kyle Walker-Peters,4.75
Sunderland v West Ham,Sat 16 Aug 16:00,Maxwel Cornet,4.75
Sunderland v West Ham,Sat 16 Aug 16:00,Nayef Aguerd,4.75
Sunderland v West Ham,Sat 16 Aug 16:00,Marc Guiu,4.75
Sunderland v West Ham,Sat 16 Aug 16:00,James Ward-Prowse,5.00
Sunderland v West Ham,Sat 16 Aug 16:00,Alphonse Areola,5.00
Sunderland v West Ham,Sat 16 Aug 16:00,Luis Guilherme Lira,5.00
Sunderland v West Ham,Sat 16 Aug 16:00,Alan Browne,5.50
Sunderland v West Ham,Sat 16 Aug 16:00,Simon Adingra,5.50
Sunderland v West Ham,Sat 16 Aug 16:00,Dan Neil,5.50
Sunderland v West Ham,Sat 16 Aug 16:00,Enzo Le Fee,5.50
Sunderland v West Ham,Sat 16 Aug 16:00,Mads Hermansen,6.00
Sunderland v West Ham,Sat 16 Aug 16:00,Finlay Herrick,6.00
Sunderland v West Ham,Sat 16 Aug 16:00,Simon Moore,6.50
Sunderland v West Ham,Sat 16 Aug 16:00,Ian Poveda-Ocampo,6.50
Sunderland v West Ham,Sat 16 Aug 16:00,Niall Huggins,6.50
Sunderland v West Ham,Sat 16 Aug 16:00,Eliezer Mayenda,6.50
Sunderland v West Ham,Sat 16 Aug 16:00,Anthony Patterson,6.50
Sunderland v West Ham,Sat 16 Aug 16:00,Chemsdine Talbi,6.50
Sunderland v West Ham,Sat 16 Aug 16:00,Blondy Nna Noukeu,6.50
Sunderland v West Ham,Sat 16 Aug 16:00,Niclas Fullkrug,7.00
Sunderland v West Ham,Sat 16 Aug 16:00,Jarrod Bowen,8.00
Sunderland v West Ham,Sat 16 Aug 16:00,Robin Roefs,8.00
Tottenham v Burnley,Sat 16 Aug 16:00,Hannibal Mejbri,2.75
Tottenham v Burnley,Sat 16 Aug 16:00,Joe Worrall,3.20
Tottenham v Burnley,Sat 16 Aug 16:00,Josh Cullen,3.20
Tottenham v Burnley,Sat 16 Aug 16:00,Quilindschy Hartman,3.20
Tottenham v Burnley,Sat 16 Aug 16:00,Jordan Beyer,3.20
Tottenham v Burnley,Sat 16 Aug 16:00,Lyle Foster,3.20
Tottenham v Burnley,Sat 16 Aug 16:00,Oliver Sonne,3.20
Tottenham v Burnley,Sat 16 Aug 16:00,Rodrigo Bentancur,3.25
Tottenham v Burnley,Sat 16 Aug 16:00,Yves Bissouma,3.50
Tottenham v Burnley,Sat 16 Aug 16:00,Joao Palhinha,3.50
Tottenham v Burnley,Sat 16 Aug 16:00,Josh Laurent,3.60
Tottenham v Burnley,Sat 16 Aug 16:00,Connor Roberts,3.60
Tottenham v Burnley,Sat 16 Aug 16:00,Ashley Barnes,3.60
Tottenham v Burnley,Sat 16 Aug 16:00,Maxime Esteve,3.60
Tottenham v Burnley,Sat 16 Aug 16:00,Lucas Pires,3.60
Tottenham v Burnley,Sat 16 Aug 16:00,Cristian Romero,3.75
Tottenham v Burnley,Sat 16 Aug 16:00,Zian Flemming,4.00
Tottenham v Burnley,Sat 16 Aug 16:00,Lesley Ugochukwu,4.00
Tottenham v Burnley,Sat 16 Aug 16:00,Hjalmar Ekdal,4.00
Tottenham v Burnley,Sat 16 Aug 16:00,Lucas Bergvall,4.00
Tottenham v Burnley,Sat 16 Aug 16:00,Jaydon Banel,4.00
Tottenham v Burnley,Sat 16 Aug 16:00,Aaron Ramsey,4.00
Tottenham v Burnley,Sat 16 Aug 16:00,Junai Byfield,4.00
Tottenham v Burnley,Sat 16 Aug 16:00,Kyle Walker,4.33
Tottenham v Burnley,Sat 16 Aug 16:00,Kevin Danso,4.50
Tottenham v Burnley,Sat 16 Aug 16:00,Pape Sarr,4.50
Tottenham v Burnley,Sat 16 Aug 16:00,Luka Vuskovic,4.50
Tottenham v Burnley,Sat 16 Aug 16:00,Marcus Edwards,4.75
Tottenham v Burnley,Sat 16 Aug 16:00,Armando Broja,4.75
Tottenham v Burnley,Sat 16 Aug 16:00,Manuel Benson,4.75
Tottenham v Burnley,Sat 16 Aug 16:00,Axel Tuanzebe,4.75
Tottenham v Burnley,Sat 16 Aug 16:00,Jacob Bruun Larsen,4.75
Tottenham v Burnley,Sat 16 Aug 16:00,Ben Davies,5.00
Tottenham v Burnley,Sat 16 Aug 16:00,Pedro Porro,5.00
Tottenham v Burnley,Sat 16 Aug 16:00,Guglielmo Vicario,5.00
Tottenham v Burnley,Sat 16 Aug 16:00,Archie Gray,5.00
Tottenham v Burnley,Sat 16 Aug 16:00,Wilson Odobert,5.00
Tottenham v Burnley,Sat 16 Aug 16:00,Antonin Kinsky,5.00
Tottenham v Burnley,Sat 16 Aug 16:00,Micky van de Ven,5.00
Tottenham v Burnley,Sat 16 Aug 16:00,Djed Spence,5.50
Tottenham v Burnley,Sat 16 Aug 16:00,Mathys Tel,5.50
Tottenham v Burnley,Sat 16 Aug 16:00,Richarlison,6.00
Tottenham v Burnley,Sat 16 Aug 16:00,Martin Dubravka,6.00
Tottenham v Burnley,Sat 16 Aug 16:00,Mohammed Kudus,6.00
Tottenham v Burnley,Sat 16 Aug 16:00,Vaclav Hladky,6.00
Tottenham v Burnley,Sat 16 Aug 16:00,Etienne Green,6.00
Tottenham v Burnley,Sat 16 Aug 16:00,Mike Tresor,6.00
Tottenham v Burnley,Sat 16 Aug 16:00,Loum Tchaouna,6.00
Tottenham v Burnley,Sat 16 Aug 16:00,Luca Koleosho,6.00
Tottenham v Burnley,Sat 16 Aug 16:00,Jaidon Anthony,6.50
Tottenham v Burnley,Sat 16 Aug 16:00,Brandon Austin,7.50
Tottenham v Burnley,Sat 16 Aug 16:00,Dominic Solanke,10.00
Tottenham v Burnley,Sat 16 Aug 16:00,Brennan Johnson,10.00
Tottenham v Burnley,Sat 16 Aug 16:00,Max Weiss,11.00
Wolverhampton v Man City,Sat 16 Aug 18:30,Andre Trindade,2.87
Wolverhampton v Man City,Sat 16 Aug 18:30,Marshall Munetsi,3.10
Wolverhampton v Man City,Sat 16 Aug 18:30,Joao Gomes,3.10
Wolverhampton v Man City,Sat 16 Aug 18:30,David Wolfe,3.50
Wolverhampton v Man City,Sat 16 Aug 18:30,Jhon Arias,3.50
Wolverhampton v Man City,Sat 16 Aug 18:30,Emmanuel Agbadou,3.50
Wolverhampton v Man City,Sat 16 Aug 18:30,Pedro Lima,3.50
Wolverhampton v Man City,Sat 16 Aug 18:30,Bernardo Silva,3.75
Wolverhampton v Man City,Sat 16 Aug 18:30,Fernando Lopez,4.00
Wolverhampton v Man City,Sat 16 Aug 18:30,Daniel Bentley,4.50
Wolverhampton v Man City,Sat 16 Aug 18:30,Tom King,4.50
Wolverhampton v Man City,Sat 16 Aug 18:30,Rayan Ait Nouri,4.50
Wolverhampton v Man City,Sat 16 Aug 18:30,Jeanricner Bellegarde,4.50
Wolverhampton v Man City,Sat 16 Aug 18:30,Santiago Bueno,4.50
Wolverhampton v Man City,Sat 16 Aug 18:30,Jose Sa,4.50
Wolverhampton v Man City,Sat 16 Aug 18:30,Nico Gonzalez,4.50
Wolverhampton v Man City,Sat 16 Aug 18:30,Tijjani Reijnders,4.50
Wolverhampton v Man City,Sat 16 Aug 18:30,Rodrigo Gomes,4.75
Wolverhampton v Man City,Sat 16 Aug 18:30,Ilkay Gundogan,5.00
Wolverhampton v Man City,Sat 16 Aug 18:30,John Stones,5.00
Wolverhampton v Man City,Sat 16 Aug 18:30,Manuel Akanji,5.00
Wolverhampton v Man City,Sat 16 Aug 18:30,Ruben Dias,5.00
Wolverhampton v Man City,Sat 16 Aug 18:30,Omar Marmoush,5.00
Wolverhampton v Man City,Sat 16 Aug 18:30,Matheus Nunes,5.00
Wolverhampton v Man City,Sat 16 Aug 18:30,Matt Doherty,5.50
Wolverhampton v Man City,Sat 16 Aug 18:30,Nathan Ake,5.50
Wolverhampton v Man City,Sat 16 Aug 18:30,Sam Johnstone,5.50
Wolverhampton v Man City,Sat 16 Aug 18:30,Hee-Chan Hwang,5.50
Wolverhampton v Man City,Sat 16 Aug 18:30,Rayan Cherki,5.50
Wolverhampton v Man City,Sat 16 Aug 18:30,Toti Gomes,5.50
Wolverhampton v Man City,Sat 16 Aug 18:30,Abduqodir Khusanov,5.50
Wolverhampton v Man City,Sat 16 Aug 18:30,Wesley Okoduwa,5.50
Wolverhampton v Man City,Sat 16 Aug 18:30,Tom Edozie,5.50
Wolverhampton v Man City,Sat 16 Aug 18:30,Jeremy Doku,6.00
Wolverhampton v Man City,Sat 16 Aug 18:30,Erling Haaland,6.00
Wolverhampton v Man City,Sat 16 Aug 18:30,Rico Lewis,6.00
Wolverhampton v Man City,Sat 16 Aug 18:30,Marcus Bettinelli,7.50
Wolverhampton v Man City,Sat 16 Aug 18:30,Ederson,7.50
Wolverhampton v Man City,Sat 16 Aug 18:30,Stefan Ortega,7.50
Wolverhampton v Man City,Sat 16 Aug 18:30,James Trafford,7.50
Wolverhampton v Man City,Sat 16 Aug 18:30,Nico O'Reilly,7.50
Wolverhampton v Man City,Sat 16 Aug 18:30,Claudio Echeverri,7.50
Wolverhampton v Man City,Sat 16 Aug 18:30,Phil Foden,8.50
Wolverhampton v Man City,Sat 16 Aug 18:30,Jorgen Larsen,8.50
Wolverhampton v Man City,Sat 16 Aug 18:30,Mateus Mane,8.50
Wolverhampton v Man City,Sat 16 Aug 18:30,Oscar Bobb,9.50
Chelsea v Crystal Palace,Sun 17 Aug 15:00,Jefferson Lerma,2.40
Chelsea v Crystal Palace,Sun 17 Aug 15:00,Jorrel Hato,3.10
Chelsea v Crystal Palace,Sun 17 Aug 15:00,Borna Sosa,3.20
Chelsea v Crystal Palace,Sun 17 Aug 15:00,Daniel Munoz,3.20
Chelsea v Crystal Palace,Sun 17 Aug 15:00,Wesley Fofana,3.25
Chelsea v Crystal Palace,Sun 17 Aug 15:00,Estevao,3.25
Chelsea v Crystal Palace,Sun 17 Aug 15:00,Reece James,3.50
Chelsea v Crystal Palace,Sun 17 Aug 15:00,Pedro Neto,3.50
Chelsea v Crystal Palace,Sun 17 Aug 15:00,Marc Cucurella,3.50
Chelsea v Crystal Palace,Sun 17 Aug 15:00,Malo Gusto,3.50
Chelsea v Crystal Palace,Sun 17 Aug 15:00,Romeo Lavia,3.50
Chelsea v Crystal Palace,Sun 17 Aug 15:00,Moises Caicedo,3.50
Chelsea v Crystal Palace,Sun 17 Aug 15:00,Will Hughes,3.60
Chelsea v Crystal Palace,Sun 17 Aug 15:00,Justin Devenny,3.60
Chelsea v Crystal Palace,Sun 17 Aug 15:00,Eddie Nketiah,4.00
Chelsea v Crystal Palace,Sun 17 Aug 15:00,Trevoh Chalobah,4.00
Chelsea v Crystal Palace,Sun 17 Aug 15:00,Adam Wharton,4.00
Chelsea v Crystal Palace,Sun 17 Aug 15:00,Romain Esse,4.00
Chelsea v Crystal Palace,Sun 17 Aug 15:00,Remi Matthews,4.00
Chelsea v Crystal Palace,Sun 17 Aug 15:00,Josh Acheampong,4.00
Chelsea v Crystal Palace,Sun 17 Aug 15:00,Liam Delap,4.50
Chelsea v Crystal Palace,Sun 17 Aug 15:00,Enzo Fernandez,4.50
Chelsea v Crystal Palace,Sun 17 Aug 15:00,Nathaniel Clyne,4.75
Chelsea v Crystal Palace,Sun 17 Aug 15:00,Maxence Lacroix,4.75
Chelsea v Crystal Palace,Sun 17 Aug 15:00,Daichi Kamada,4.75
Chelsea v Crystal Palace,Sun 17 Aug 15:00,Chris Richards,4.75
Chelsea v Crystal Palace,Sun 17 Aug 15:00,Marc Guehi,4.75
Chelsea v Crystal Palace,Sun 17 Aug 15:00,Jesurun Rak-Sakyi,4.75
Chelsea v Crystal Palace,Sun 17 Aug 15:00,Matheus Franca,4.75
Chelsea v Crystal Palace,Sun 17 Aug 15:00,Rio Cardines,4.75
Chelsea v Crystal Palace,Sun 17 Aug 15:00,Tyrick Mitchell,5.00
Chelsea v Crystal Palace,Sun 17 Aug 15:00,Cole Palmer,5.00
Chelsea v Crystal Palace,Sun 17 Aug 15:00,Benoit Badiashile,5.50
Chelsea v Crystal Palace,Sun 17 Aug 15:00,Joao Pedro,5.50
Chelsea v Crystal Palace,Sun 17 Aug 15:00,Jamie Bynoe-Gittens,5.50
Chelsea v Crystal Palace,Sun 17 Aug 15:00,Tyrique George,5.50
Chelsea v Crystal Palace,Sun 17 Aug 15:00,Tosin Adarabioyo,6.00
Chelsea v Crystal Palace,Sun 17 Aug 15:00,Odsonne Edouard,6.00
Chelsea v Crystal Palace,Sun 17 Aug 15:00,Walter Benitez,6.00
Chelsea v Crystal Palace,Sun 17 Aug 15:00,Dean Henderson,6.00
Chelsea v Crystal Palace,Sun 17 Aug 15:00,Christopher Nkunku,6.50
Chelsea v Crystal Palace,Sun 17 Aug 15:00,Ismaila Sarr,6.50
Chelsea v Crystal Palace,Sun 17 Aug 15:00,Robert Sanchez,6.50
Chelsea v Crystal Palace,Sun 17 Aug 15:00,Gabriel Slonina,6.50
Chelsea v Crystal Palace,Sun 17 Aug 15:00,Sam Rak-Sakyi,6.50
Chelsea v Crystal Palace,Sun 17 Aug 15:00,Filip Jorgensen,7.00
Chelsea v Crystal Palace,Sun 17 Aug 15:00,Jean-Philippe Mateta,7.50
Chelsea v Crystal Palace,Sun 17 Aug 15:00,Eberechi Eze,7.50
Nottm Forest v Brentford,Sun 17 Aug 15:00,David Carmo,2.62
Nottm Forest v Brentford,Sun 17 Aug 15:00,Michael Kayode,2.75
Nottm Forest v Brentford,Sun 17 Aug 15:00,Keane Lewis-Potter,3.00
Nottm Forest v Brentford,Sun 17 Aug 15:00,Igor Thiago,3.00
Nottm Forest v Brentford,Sun 17 Aug 15:00,Yunus Emre Konak,3.00
Nottm Forest v Brentford,Sun 17 Aug 15:00,Kristoffer Ajer,3.20
Nottm Forest v Brentford,Sun 17 Aug 15:00,Frank Onyeka,3.20
Nottm Forest v Brentford,Sun 17 Aug 15:00,Aaron Hickey,3.20
Nottm Forest v Brentford,Sun 17 Aug 15:00,Ryan Yates,3.25
Nottm Forest v Brentford,Sun 17 Aug 15:00,Igor Jesus,3.25
Nottm Forest v Brentford,Sun 17 Aug 15:00,Jordan Henderson,3.50
Nottm Forest v Brentford,Sun 17 Aug 15:00,Sepp van den Berg,3.50
Nottm Forest v Brentford,Sun 17 Aug 15:00,Nathan Collins,3.50
Nottm Forest v Brentford,Sun 17 Aug 15:00,Kevin Schade,3.50
Nottm Forest v Brentford,Sun 17 Aug 15:00,Yegor Yarmolyuk,3.50
Nottm Forest v Brentford,Sun 17 Aug 15:00,Jair Cunha,3.50
Nottm Forest v Brentford,Sun 17 Aug 15:00,Benjamin Arthur,3.50
Nottm Forest v Brentford,Sun 17 Aug 15:00,Nikola Milenkovic,3.75
Nottm Forest v Brentford,Sun 17 Aug 15:00,Morgan Gibbs-White,3.75
Nottm Forest v Brentford,Sun 17 Aug 15:00,Ola Aina,3.75
Nottm Forest v Brentford,Sun 17 Aug 15:00,Neco Williams,3.75
Nottm Forest v Brentford,Sun 17 Aug 15:00,Ibrahim Sangare,3.75
Nottm Forest v Brentford,Sun 17 Aug 15:00,Marko Stamenic,3.75
Nottm Forest v Brentford,Sun 17 Aug 15:00,Caoimhin Kelleher,4.00
Nottm Forest v Brentford,Sun 17 Aug 15:00,Antoni Milambo,4.00
Nottm Forest v Brentford,Sun 17 Aug 15:00,Jota Silva,4.33
Nottm Forest v Brentford,Sun 17 Aug 15:00,Romelle Donovan,4.33
Nottm Forest v Brentford,Sun 17 Aug 15:00,Felipe Morato,4.75
Nottm Forest v Brentford,Sun 17 Aug 15:00,Fabio Carvalho,4.75
Nottm Forest v Brentford,Sun 17 Aug 15:00,Elliot Anderson,4.75
Nottm Forest v Brentford,Sun 17 Aug 15:00,Zach Abbott,4.75
Nottm Forest v Brentford,Sun 17 Aug 15:00,Eric Moreira,4.75
Nottm Forest v Brentford,Sun 17 Aug 15:00,Mathias Jensen,5.00
Nottm Forest v Brentford,Sun 17 Aug 15:00,Mads Roerslev,5.00
Nottm Forest v Brentford,Sun 17 Aug 15:00,Dan Ndoye,5.50
Nottm Forest v Brentford,Sun 17 Aug 15:00,Willy Boly,6.00
Nottm Forest v Brentford,Sun 17 Aug 15:00,Rico Henry,6.00
Nottm Forest v Brentford,Sun 17 Aug 15:00,Ethan Pinnock,6.00
Nottm Forest v Brentford,Sun 17 Aug 15:00,Mikkel Damsgaard,6.00
Nottm Forest v Brentford,Sun 17 Aug 15:00,Ellery Balcombe,6.00
Nottm Forest v Brentford,Sun 17 Aug 15:00,Murillo dos Santos,6.00
Nottm Forest v Brentford,Sun 17 Aug 15:00,Omar Richards,6.00
Nottm Forest v Brentford,Sun 17 Aug 15:00,Hakon Rafn Valdimarsson,6.00
Nottm Forest v Brentford,Sun 17 Aug 15:00,Julian Eyestone,6.00
Nottm Forest v Brentford,Sun 17 Aug 15:00,Taiwo Awoniyi,7.00
Nottm Forest v Brentford,Sun 17 Aug 15:00,Angus Gunn,7.00
Nottm Forest v Brentford,Sun 17 Aug 15:00,Matz Sels,7.00
Nottm Forest v Brentford,Sun 17 Aug 15:00,Carlos Miguel,7.00
Nottm Forest v Brentford,Sun 17 Aug 15:00,Aaron Bott,7.00
Nottm Forest v Brentford,Sun 17 Aug 15:00,Matthew Cox,7.50
Nottm Forest v Brentford,Sun 17 Aug 15:00,Callum Hudson-Odoi,8.00
Nottm Forest v Brentford,Sun 17 Aug 15:00,Chris Wood,9.00
Man Utd v Arsenal,Sun 17 Aug 17:30,Casemiro,2.40
Man Utd v Arsenal,Sun 17 Aug 17:30,Luke Shaw,2.40
Man Utd v Arsenal,Sun 17 Aug 17:30,Christian Norgaard,2.87
Man Utd v Arsenal,Sun 17 Aug 17:30,Bruno Fernandes,3.00
Man Utd v Arsenal,Sun 17 Aug 17:30,Manuel Ugarte,3.00
Man Utd v Arsenal,Sun 17 Aug 17:30,Kai Havertz,3.40
Man Utd v Arsenal,Sun 17 Aug 17:30,Albert Sambi Lokonga,3.40
Man Utd v Arsenal,Sun 17 Aug 17:30,Matheus Cunha,3.40
Man Utd v Arsenal,Sun 17 Aug 17:30,Riccardo Calafiori,3.40
Man Utd v Arsenal,Sun 17 Aug 17:30,Kobbie Mainoo,3.40
Man Utd v Arsenal,Sun 17 Aug 17:30,Harry Maguire,3.40
Man Utd v Arsenal,Sun 17 Aug 17:30,Myles Lewis-Skelly,3.40
Man Utd v Arsenal,Sun 17 Aug 17:30,Mikel Merino,3.75
Man Utd v Arsenal,Sun 17 Aug 17:30,Mason Mount,3.75
Man Utd v Arsenal,Sun 17 Aug 17:30,Noussair Mazraoui,3.75
Man Utd v Arsenal,Sun 17 Aug 17:30,Diogo Dalot,3.75
Man Utd v Arsenal,Sun 17 Aug 17:30,Ben White,3.75
Man Utd v Arsenal,Sun 17 Aug 17:30,Reiss Nelson,3.75
Man Utd v Arsenal,Sun 17 Aug 17:30,Rasmus Hojlund,3.75
Man Utd v Arsenal,Sun 17 Aug 17:30,Diego Leon,3.75
Man Utd v Arsenal,Sun 17 Aug 17:30,Chidozie Obi-Martin,3.75
Man Utd v Arsenal,Sun 17 Aug 17:30,Patrick Dorgu,4.00
Man Utd v Arsenal,Sun 17 Aug 17:30,David Raya,4.33
Man Utd v Arsenal,Sun 17 Aug 17:30,Kepa Arrizabalaga,4.33
Man Utd v Arsenal,Sun 17 Aug 17:30,Declan Rice,4.33
Man Utd v Arsenal,Sun 17 Aug 17:30,Gabriel Magalhaes,4.33
Man Utd v Arsenal,Sun 17 Aug 17:30,Jurrien Timber,4.33
Man Utd v Arsenal,Sun 17 Aug 17:30,Jakub Kiwior,4.33
Man Utd v Arsenal,Sun 17 Aug 17:30,Tommy Setford,4.33
Man Utd v Arsenal,Sun 17 Aug 17:30,Jack Porter,4.33
Man Utd v Arsenal,Sun 17 Aug 17:30,Alexei Rojas,4.33
Man Utd v Arsenal,Sun 17 Aug 17:30,Matthijs de Ligt,4.50
Man Utd v Arsenal,Sun 17 Aug 17:30,Joshua Zirkzee,4.50
Man Utd v Arsenal,Sun 17 Aug 17:30,Benjamin Sesko,4.50
Man Utd v Arsenal,Sun 17 Aug 17:30,Leny Yoro,4.50
Man Utd v Arsenal,Sun 17 Aug 17:30,Ayden Heaven,4.50
Man Utd v Arsenal,Sun 17 Aug 17:30,Bryan Mbeumo,4.75
Man Utd v Arsenal,Sun 17 Aug 17:30,Bukayo Saka,4.75
Man Utd v Arsenal,Sun 17 Aug 17:30,Martin Zubimendi,4.75
Man Utd v Arsenal,Sun 17 Aug 17:30,William Saliba,5.00
Man Utd v Arsenal,Sun 17 Aug 17:30,Viktor Gyokeres,5.00
Man Utd v Arsenal,Sun 17 Aug 17:30,Oleksandr Zinchenko,5.00
Man Utd v Arsenal,Sun 17 Aug 17:30,Cristhian Mosquera,5.00
Man Utd v Arsenal,Sun 17 Aug 17:30,Max Dowman,5.00
Man Utd v Arsenal,Sun 17 Aug 17:30,Tom Heaton,5.50
Man Utd v Arsenal,Sun 17 Aug 17:30,Andre Onana,5.50
Man Utd v Arsenal,Sun 17 Aug 17:30,Martin Odegaard,5.50
Man Utd v Arsenal,Sun 17 Aug 17:30,Altay Bayindir,5.50
Man Utd v Arsenal,Sun 17 Aug 17:30,Amad Diallo,5.50
Man Utd v Arsenal,Sun 17 Aug 17:30,Ethan Nwaneri,5.50
Man Utd v Arsenal,Sun 17 Aug 17:30,Dermot Mee,5.50
Man Utd v Arsenal,Sun 17 Aug 17:30,Gabriel Martinelli,6.00
Man Utd v Arsenal,Sun 17 Aug 17:30,Leandro Trossard,7.00
Man Utd v Arsenal,Sun 17 Aug 17:30,Jack Fletcher,7.00
Man Utd v Arsenal,Sun 17 Aug 17:30,Noni Madueke,8.00
Leeds v Everton,Mon 18 Aug 21:00,Timothy Iroegbunam,3.20
Leeds v Everton,Mon 18 Aug 21:00,Jayden Bogle,3.25
Leeds v Everton,Mon 18 Aug 21:00,Ilia Gruev,3.25
Leeds v Everton,Mon 18 Aug 21:00,Carlos Alcaraz,3.40
Leeds v Everton,Mon 18 Aug 21:00,Largie Ramazani,3.50
Leeds v Everton,Mon 18 Aug 21:00,James Tarkowski,3.60
Leeds v Everton,Mon 18 Aug 21:00,Tyler Onyango,3.60
Leeds v Everton,Mon 18 Aug 21:00,Ethan Ampadu,3.75
Leeds v Everton,Mon 18 Aug 21:00,Sebastiaan Bornauw,3.75
Leeds v Everton,Mon 18 Aug 21:00,Sam Byram,3.75
Leeds v Everton,Mon 18 Aug 21:00,Idrissa Gueye,4.00
Leeds v Everton,Mon 18 Aug 21:00,Nathan Patterson,4.00
Leeds v Everton,Mon 18 Aug 21:00,James Garner,4.00
Leeds v Everton,Mon 18 Aug 21:00,Thierno Barry,4.00
Leeds v Everton,Mon 18 Aug 21:00,Adam Aznou,4.00
Leeds v Everton,Mon 18 Aug 21:00,Harrison Armstrong,4.00
Leeds v Everton,Mon 18 Aug 21:00,Justin Clarke,4.00
Leeds v Everton,Mon 18 Aug 21:00,Aled Thomas,4.00
Leeds v Everton,Mon 18 Aug 21:00,Isaac Schmidt,4.33
Leeds v Everton,Mon 18 Aug 21:00,Jack Grealish,4.50
Leeds v Everton,Mon 18 Aug 21:00,Michael Keane,4.50
Leeds v Everton,Mon 18 Aug 21:00,Jordan Pickford,4.50
Leeds v Everton,Mon 18 Aug 21:00,Kiernan Dewsbury-Hall,4.50
Leeds v Everton,Mon 18 Aug 21:00,Isaac Heath,4.50
Leeds v Everton,Mon 18 Aug 21:00,Joe Rodon,4.75
Leeds v Everton,Mon 18 Aug 21:00,Sean Longstaff,4.75
Leeds v Everton,Mon 18 Aug 21:00,Degnand Gnonto,4.75
Leeds v Everton,Mon 18 Aug 21:00,Pascal Struijk,5.00
Leeds v Everton,Mon 18 Aug 21:00,Anton Stach,5.00
Leeds v Everton,Mon 18 Aug 21:00,Jake O'Brien,5.00
Leeds v Everton,Mon 18 Aug 21:00,Seamus Coleman,5.50
Leeds v Everton,Mon 18 Aug 21:00,Dominic Calvert-Lewin,5.50
Leeds v Everton,Mon 18 Aug 21:00,Vitaliy Mykolenko,5.50
Leeds v Everton,Mon 18 Aug 21:00,Lukas Nmecha,5.50
Leeds v Everton,Mon 18 Aug 21:00,Ao Tanaka,5.50
Leeds v Everton,Mon 18 Aug 21:00,Daniel James,5.50
Leeds v Everton,Mon 18 Aug 21:00,Iliman-Cheikh Ndiaye,5.50
Leeds v Everton,Mon 18 Aug 21:00,Youssef Chermiti,5.50
Leeds v Everton,Mon 18 Aug 21:00,Rhys Chadwick,5.50
Leeds v Everton,Mon 18 Aug 21:00,Gabriel Gudmundsson,6.00
Leeds v Everton,Mon 18 Aug 21:00,Beto,6.00
Leeds v Everton,Mon 18 Aug 21:00,Brenden Aaronson,6.00
Leeds v Everton,Mon 18 Aug 21:00,Karl Darlow,7.00
Leeds v Everton,Mon 18 Aug 21:00,Illan Meslier,7.00
Leeds v Everton,Mon 18 Aug 21:00,Joel Piroe,7.00
Leeds v Everton,Mon 18 Aug 21:00,Alex Cairns,7.00
Leeds v Everton,Mon 18 Aug 21:00,Zan-Luk Leban,7.00
Leeds v Everton,Mon 18 Aug 21:00,Harry Gray,7.00
Leeds v Everton,Mon 18 Aug 21:00,Lucas Perri,7.50
Leeds v Everton,Mon 18 Aug 21:00,Dwight McNeil,8.50
Leeds v Everton,Mon 18 Aug 21:00,Mark Travers,8.50
Leeds v Everton,Mon 18 Aug 21:00,Jack Harrison,9.00
Leeds v Everton,Mon 18 Aug 21:00,Harry Tyrer,13.00
